Active Drones,Total Damage,Energy Consumed
5,659,22.999999999999957
5,960,23.199999999999957
5,946,23.399999999999956
5,816,23.599999999999955
5,962,23.399999999999956
5,1136,21.99999999999996
5,960,22.599999999999955
5,1008,21.799999999999958
5,870,22.19999999999996
5,1187,22.19999999999996
5,786,21.999999999999957
5,897,22.399999999999956
5,1044,21.999999999999957
5,717,22.399999999999956
5,950,22.799999999999955
