Active Drones,Total Damage,Energy Consumed
5,454,24.59999999999996
5,577,24.399999999999956
5,837,24.59999999999996
5,496,23.99999999999997
5,219,23.99999999999998
5,905,24.399999999999956
5,770,23.799999999999958
5,757,24.199999999999957
5,590,24.599999999999955
5,304,23.99999999999998
5,859,24.39999999999996
5,572,24.399999999999977
5,964,24.199999999999957
5,1086,24.399999999999956
5,659,24.399999999999956
