Map,No Estimator,Neural Network
Small,0.159943714821763,0.0849906191369606
Intense,0.0268667917448405,0.0230393996247654
Medium,0.0927400738688827,0.083910433979686
Large,0.918039896,0.873662908

