Birds,Drones,Saturation,Baseline - Damage,Nerual Network - Damage,Baseline - Terminated Drones,Neural Network - Terminated Drones
100,20,50%,0.17203842,0.142369264,0.35,0.023
100,20,66%,0.205549626,0.199146211,0.2,0.003
100,20,83%,0.129348986,0.141942369,0.115,0.005
100,20,100%,0.11846318,0.140448239,0.1,0.001
