Bird Group Size,8 Drones - Baseline,8 Drones - Machine Learning Based,10 Drones - Baseline,10 Drones - Machine Learning Based,12 Drones - Baseline,12 Drones - Machine Learning Based
50,0.235005336,0.154322305,0.271077908,0.163500534,0.258484525,0.128068303
100,0.652508004,0.531483458,0.628388474,0.424546425,0.59018143,0.347491996
150,0.910779082,0.750266809,0.81963714,0.678548559,0.899252935,0.6226254
