Birds,Drones,Saturation,Baseline - Damage,Nerual Network - Damage,Baseline - Terminated Drones,Neural Network - Terminated Drones
100,12,50%,0.59018143,0.347491996,0.75,0.175
100,12,66%,0.446958378,0.23094984,0.583333333,0.08
100,12,83%,0.366915688,0.262753469,0.5,0.043333333
100,12,100%,0.370330843,0.297972252,0.5,0.053333333
