Trains,Survived Drone Rate,Damage Rate
0,0.65625,0.159943715
1,0.71875,0.119136961
2,0.71875,0.084990619
3,0.75,0.120731707

