Trains,Survived Drone Rate,Damage Rate
0,0.59375,0.164915572
1,0.59375,0.156285178
2,0.625,0.141463415
3,0.65625,0.127298311
