Methods,No Estimator,Neural Network
Small,5.333333333,5.833333333
Intense,8.666666667,9.333333333
Medium,16.33333333,16.66666667
Large,12.33333333,13.16666667
