Map,No Estimator,Neural Network
Small,14.60666667,15.72
Intense,22.67333333,24.82666667
Medium,48,52.08666667
Large,47.16,50.04666667
