Active Drones,Total Damage,Energy Consumed
7,241,24.299999999999972
7,251,25.09999999999998
7,314,24.899999999999988
7,206,24.199999999999974
7,161,24.199999999999978
7,99,24.29999999999998
7,287,24.799999999999976
7,370,24.799999999999976
7,159,23.999999999999964
7,252,23.999999999999975
7,311,24.599999999999973
7,182,24.99999999999998
7,205,25.09999999999998
7,165,23.799999999999983
7,333,24.299999999999976
