Active Drones,Total Damage,Energy Consumed
7,327,24.49999999999997
7,261,24.899999999999977
7,357,25.799999999999976
7,265,25.699999999999978
7,190,24.699999999999974
7,169,25.29999999999997
7,236,25.09999999999998
7,193,24.599999999999966
7,232,25.79999999999998
7,306,25.79999999999998
7,300,21.699999999999953
7,278,26.199999999999985
7,292,24.59999999999997
7,203,25.49999999999997
7,308,24.799999999999972
