Active Drones,Total Damage,Energy Consumed
7,231,23.59999999999998
7,334,23.699999999999978
7,313,24.299999999999986
7,341,24.599999999999994
7,199,23.49999999999996
7,455,22.799999999999958
7,416,25.400000000000006
7,297,24.29999999999999
7,351,24.299999999999972
7,343,25.19999999999999
7,407,25.399999999999995
7,211,24.79999999999997
7,332,24.19999999999999
7,326,25.299999999999983
7,261,23.59999999999998
