Active Drones,Total Damage,Energy Consumed
7,284,25.29999999999998
7,387,26.100000000000005
7,446,20.799999999999958
7,408,25.89999999999999
7,339,24.89999999999999
7,302,24.799999999999983
7,321,25.599999999999987
7,589,26.900000000000006
7,290,24.299999999999965
7,365,25.7
7,273,24.399999999999977
7,399,26.599999999999998
7,572,26.700000000000003
7,465,25.39999999999998
7,467,18.499999999999964
