target,prediction
1,0.0
1,0.0
1,0.0
1,0.0
58,52.245680055992736
68,40.937075427118785
51,39.871796734446406
1,0.0
1,0.0
1,0.0
1,0.0
50,40.374575427118785
1,0.0
1,0.0
1,0.0
1,0.0
58,52.245680055992736
1,0.0
1,0.0
1,0.0
1,0.0
1,0.0
1,0.0
1,0.0
1,0.0
1,0.0
55,41.437075427118785
1,0.0
26,18.000000000000014
1,0.0
1,0.0
1,0.0
1,0.0
1,0.0
60,37.499575427118785
1,0.0
1,0.0
1,0.0
