target,prediction
1,0.0
27,18.76588810952606
51,40.687075427118785
1,0.0
1,0.0
1,0.0
1,0.0
1,0.0
1,0.0
1,0.0
1,0.0
1,0.0
44,37.499575427118785
1,0.0
1,0.0
1,0.0
1,0.0
77,36.780825427118785
25,19.39088810952606
27,16.792215290211207
55,51.495680055992736
1,0.0
1,0.0
29,41.500000000000036
1,0.0
12,11.250000000000018
1,0.0
1,0.0
24,19.625000000000018
1,0.0
1,0.0
1,0.0
63,36.499575427118785
1,0.0
1,0.0
