target,prediction
37,17.683000000000014
11,6.100000000000005
1,0.0
1,0.0
1,0.0
1,0.0
1,0.0
46,15.812745517120144
10,6.2000000000000055
53,16.517500000000013
1,0.0
16,5.268434726867124
11,5.800000000000005
1,0.0
1,0.0
24,12.19000000000001
1,0.0
16,5.268434726867124
1,0.0
1,0.0
1,0.0
37,10.115000000000009
1,0.0
1,0.0
1,0.0
39,18.570500000000017
1,0.0
23,10.95000000000001
1,0.0
27,12.385000000000012
9,6.000000000000005
1,0.0
25,4.412102961684819
42,9.125000000000007
