Active Drones,Total Damage,Energy Consumed
5,981,21.99999999999996
5,687,22.199999999999964
