Active Drones,Total Damage,Energy Consumed
7,381,21.599999999999955
7,338,25.899999999999977
7,242,25.399999999999977
7,375,25.79999999999999
7,935,17.29999999999997
7,294,24.89999999999999
7,306,24.299999999999983
7,287,25.199999999999978
7,2330,3.2000000000000006
7,320,25.999999999999993
7,1947,4.400000000000001
7,378,25.299999999999983
7,2137,3.2000000000000006
7,623,17.19999999999997
7,518,25.799999999999986
