target,prediction
71,21.862901887750027
55,25.589725220079263
72,21.487901887750027
1,0.0
1,0.0
127,89.25000000000007
102,32.186738998303234
116,41.24793521970231
71,32.686738998303234
1,0.0
1,0.0
146,64.54672141507957
124,75.2160014855885
1,0.0
22,14.000000000000012
1,0.0
1,0.0
1,0.0
1,0.0
1,0.0
57,25.464725220079263
39,9.820686597538824
1,0.0
1,0.0
1,0.0
154,67.85103481754076
1,0.0
71,24.58972522007926
30,12.390888109526054
127,67.72288430452637
87,67.00000000000006
1,0.0
