target,prediction
24,4.588213992758986
1,0.0
21,4.588213992758986
30,3.9500000000000033
1,0.0
21,4.850000000000004
42,17.300000000000015
55,19.900000000000013
1,0.0
36,9.550000000000008
1,0.0
1,0.0
40,14.750000000000014
1,0.0
45,22.132359776403618
27,4.088213992758985
20,11.050000000000008
1,0.0
24,4.5000000000000036
1,0.0
38,17.150000000000016
45,19.700000000000017
