target,prediction
1,0.0
52,21.10000000000002
1,0.0
13,5.600000000000005
1,0.0
30,9.250000000000007
1,0.0
1,0.0
13,9.408684274364107
11,8.300000000000006
1,0.0
1,0.0
1,0.0
32,10.0575612846971
45,13.543164416322163
25,4.450000000000004
13,5.488213992758986
13,5.250000000000004
35,9.750000000000009
1,0.0
24,4.5000000000000036
35,15.944145783644636
1,0.0
48,15.900000000000011
9,5.700000000000005
33,3.3882139927589847
1,0.0
1,0.0
31,10.35000000000001
