Method,Damage Rate
No Estimator,0.0927400738688827
Neural Network,0.083910433979686
