Method,Damage Rate
No Estimator,0.0268667917448405
Neural Network,0.0230393996247654

