Active Drones,Total Damage,Alive Drone Rate,Damage Rate,Charger Capacity,Train,Average Run,Charge Alert,Battery Random Reduction
7.666666666666667,118.33333333333333,0.6388888888888888,0.12628957666310922,1.0,2.0,2.0,0.20000000000000004,0.0
7.333333333333333,119.33333333333333,0.6111111111111112,0.12735681252223408,1.0,3.0,2.0,0.20000000000000004,0.0
