Active Drones,Total Damage,Alive Drone Rate,Damage Rate,Charger Capacity,Train,Run,Charge Alert,Battery Random Reduction
8,110,0.6666666666666666,0.11739594450373532,1,1,1,0.2,0
8,123,0.6666666666666666,0.13127001067235858,1,1,2,0.2,0
8,126,0.6666666666666666,0.1344717182497332,1,1,3,0.2,0
8,124,0.6666666666666666,0.13233724653148346,1,2,1,0.2,0
8,123,0.6666666666666666,0.13127001067235858,1,2,2,0.2,0
7,108,0.5833333333333334,0.1152614727854856,1,2,3,0.2,0
7,126,0.5833333333333334,0.1344717182497332,1,3,1,0.2,0
7,118,0.5833333333333334,0.12593383137673425,1,3,2,0.2,0
8,114,0.6666666666666666,0.12166488794023479,1,3,3,0.2,0
