Active Drones,Total Damage,Energy Consumed
7,309,25.39999999999997
7,258,24.99999999999997
7,234,25.599999999999973
7,181,25.299999999999976
7,487,25.59999999999998
7,368,25.199999999999953
7,337,23.799999999999947
7,468,25.899999999999984
7,334,25.099999999999966
7,373,25.39999999999997
7,588,24.89999999999995
7,616,25.49999999999996
7,493,23.699999999999946
7,569,27.39999999999998
7,484,23.39999999999995
