Active Drones,Total Damage,Energy Consumed
7,195,24.999999999999986
7,292,25.399999999999984
7,295,25.09999999999998
7,300,24.899999999999977
7,210,24.99999999999999
7,237,23.299999999999976
7,251,25.199999999999992
7,309,24.99999999999999
7,281,25.099999999999994
7,464,22.39999999999997
7,630,23.39999999999997
7,532,26.100000000000016
7,416,25.299999999999983
7,462,25.599999999999998
7,408,25.9
