target,prediction
38,31.155605
32,30.544836
1,5.537695
72,64.93585
78,50.634613
1,5.561819
62,37.911503
29,27.72215
1,5.336465
70,50.62917
70,65.93373
1,5.747716
69,54.312843
1,5.4880786
1,5.3439536
1,5.4880786
55,40.67879
21,30.262447
53,38.83006
77,40.610455
1,5.747716
63,64.8699
16,31.852331
58,38.83006
80,42.085377
1,6.0458536
43,28.139946
71,42.29548
45,42.20936
69,42.822662
27,32.154617
1,5.336465
23,28.097155
1,5.537695
1,5.537695
