target,prediction
1,3.7434273
1,3.5413399
29,31.098269
15,37.12633
86,63.14959
84,60.167892
1,3.6485832
29,31.39922
80,51.472473
86,50.62119
95,95.99936
29,31.098269
1,3.6485832
29,31.098269
1,3.5413399
1,3.5413399
1,3.6485832
79,110.38326
32,33.555634
29,33.05912
1,3.5291111
30,5.023956
16,38.611305
29,32.11764
65,110.64759
112,75.67468
1,3.914118
1,3.5413399
49,55.649548
1,3.6485832
43,36.344334
29,32.428455
58,110.10748
78,47.168537
