target,prediction
61,74.90183
144,101.89242
55,88.64855
33,66.60391
79,71.61869
83,71.63918
94,73.873405
34,62.60395
122,46.853573
1,5.8347573
33,35.2123
43,66.938576
62,74.90183
54,62.60395
1,5.8299108
50,88.64855
1,8.199043
1,9.70053
51,80.6078
1,5.8299108
32,37.019115
37,51.605553
46,44.044567
65,73.29593
113,75.661476
73,71.63918
1,5.1691
179,120.44692
146,105.76081
