epoch,train_mse,val_mse
1,1000.7315063476562,491.9432678222656
2,976.2382202148438,471.6578674316406
3,955.35693359375,465.8597717285156
4,936.7662963867188,470.0289306640625
5,934.6681518554688,472.9439392089844
6,930.008056640625,467.9095153808594
7,922.9805908203125,462.3839416503906
8,910.7395629882812,455.4658508300781
9,897.2656860351562,446.58740234375
10,884.9642333984375,441.982666015625
11,875.9771728515625,440.5485534667969
12,868.099609375,440.6122131347656
