epoch,train_mse,val_mse
1,114.4517822265625,84.23065185546875
2,102.21753692626953,77.66083526611328
3,89.49198913574219,75.5496597290039
4,83.25316619873047,75.81845092773438
5,81.33679962158203,75.14167785644531
