target,prediction
61,18.523746
1,6.80979
62,19.16018
1,7.7943997
1,6.8311462
25,13.938137
1,7.391364
23,13.938137
58,17.360226
39,19.15211
1,7.741117
13,15.176874
57,18.361917
64,19.544462
10,14.492374
26,15.717508
26,15.717508
1,7.736486
1,6.80979
54,17.761415
59,16.023882
23,13.938137
21,13.967794
49,16.65656
44,21.352049
66,18.525179
1,6.8311462
47,17.636604
54,17.75591
47,21.352049
1,6.8311462
27,15.037444
35,15.809561
