target,prediction
1,1.9365245
28,14.180575
29,13.8539095
47,35.29685
1,1.9365245
23,14.675265
1,2.109421
41,21.592266
56,36.39852
15,15.142888
25,22.91638
31,35.42974
29,13.931652
16,22.001842
27,33.991547
35,33.991547
35,21.151415
1,1.989446
33,33.991547
1,2.0958147
1,1.9365245
1,1.9365245
29,35.651176
3,14.730517
22,19.7481
25,15.252077
11,16.695534
28,23.57329
42,57.42654
1,2.109421
1,2.0958147
9,14.730517
14,14.63903
23,20.86268
27,22.412203
5,14.133436
23,22.001842
