target,prediction
133,150.26088
47,45.42
1,5.5723596
1,5.5723596
140,92.838936
132,154.92374
49,65.5025
368,83.88767
26,34.76801
83,73.21088
1,7.8663745
27,38.99573
1,5.575691
46,45.41912
38,33.062263
119,152.26405
1,6.2460113
68,65.92345
85,73.217476
132,153.14561
47,45.413784
85,115.65265
109,87.44231
90,98.28309
89,73.21088
27,38.63022
124,92.838936
