target,prediction
1,1.5034312
25,19.939533
1,1.691964
34,24.43097
2,25.307077
1,1.5034312
1,1.5034312
11,19.604343
24,24.202188
9,17.153421
30,19.614853
5,17.905193
1,1.6125116
30,33.970837
1,1.6843921
34,31.97266
1,1.5034312
48,45.130978
49,68.72461
25,28.66071
1,1.5034312
3,17.153421
7,17.153421
1,1.6199622
23,29.04701
38,29.064669
19,20.377945
1,1.6843921
64,64.37576
1,1.5034312
29,19.075377
20,20.544285
20,20.08016
1,1.5034312
