target,prediction
24,14.838725
9,12.877664
1,4.6919637
10,14.014127
1,4.8463683
22,18.031141
1,4.6940465
1,5.2806106
1,5.196368
28,13.096104
5,12.877664
1,4.9448004
1,4.6940465
20,16.642874
16,11.141158
1,5.2806106
13,9.881496
16,11.141158
4,13.096104
31,15.499607
3,14.838725
41,21.16782
1,4.6940465
1,4.6940465
1,5.642801
1,5.6983175
25,14.393828
21,18.031141
1,4.6940465
16,14.014127
1,4.6940465
1,4.6940465
1,5.196368
11,14.838725
12,12.418966
