Active Drones,Total Damage,Energy Consumed
7,211,26.19999999999998
7,350,26.19999999999998
7,307,25.099999999999966
7,189,25.799999999999983
7,213,24.299999999999965
7,1082,28.000000000000018
7,703,20.29999999999996
7,1990,28.50000000000007
7,1975,29.300000000000082
7,571,23.699999999999946
7,802,28.4
7,617,25.59999999999998
7,1009,22.09999999999995
7,508,25.499999999999954
7,1699,29.90000000000009
