Active Drones,Total Damage,Energy Consumed
7,290,20.999999999999957
7,175,23.699999999999974
7,282,25.29999999999999
7,233,24.99999999999999
7,239,24.899999999999977
7,715,20.19999999999996
7,434,22.89999999999997
7,509,21.599999999999955
7,526,22.399999999999956
7,518,22.499999999999954
7,1841,28.400000000000112
7,622,21.699999999999953
7,1309,29.50000000000011
7,1832,28.600000000000108
7,392,21.499999999999964
