target,prediction
106,127.383026
101,108.87239
63,72.325035
1,0.88429064
47,47.231003
117,127.383026
92,87.26361
1,0.6327453
97,127.383026
246,85.25536
209,98.381836
16,24.16452
33,46.246124
56,108.87239
1,0.73833746
105,127.383026
96,87.265114
1,1.2294093
98,127.383026
42,72.325035
136,119.813896
130,127.383026
103,127.383026
100,93.074524
77,107.485016
1,0.96214575
139,137.63423
37,23.738405
143,108.87239
30,27.875404
1,0.9303144
