epoch,train_mse,val_mse
1,64.97132873535156,58.56471633911133
2,73.57180786132812,40.23178482055664
3,54.07837677001953,40.672203063964844
4,54.585453033447266,36.56037521362305
5,57.49292755126953,37.17977523803711
