epoch,train_mse,val_mse
1,106.69564056396484,74.39476776123047
2,96.6916732788086,78.30374908447266
3,69.8362045288086,59.79484558105469
4,71.3779296875,50.66887664794922
5,56.438072204589844,64.71380615234375
6,58.76508331298828,66.70011138916016
7,63.100833892822266,61.499603271484375
