target,prediction
1,1.5145805
7,13.464571
1,1.1353964
29,23.236576
1,1.3517036
12,13.002633
1,1.1345398
17,23.346857
24,23.236576
25,24.223282
1,1.4890158
5,12.935169
1,1.1345398
4,12.935169
13,14.352652
15,13.002633
1,0.9898964
16,14.376608
17,13.19714
30,13.19714
5,13.243866
39,39.34858
1,1.1345398
1,1.1345398
1,1.3247516
16,13.243866
15,25.709553
1,1.3247516
1,1.1345398
3,13.243866
1,1.1345398
6,12.799694
3,13.464571
20,13.502129
1,1.1345398
