target,prediction
31,26.548819
58,42.501774
42,26.196167
1,0.8314075
28,38.58943
29,16.609375
49,37.82786
46,44.452213
54,38.320606
40,29.123358
16,15.185803
46,39.8654
1,0.8037839
1,0.96116906
63,44.80309
31,29.82105
57,51.77797
14,14.329781
42,28.641294
49,37.82786
27,40.880116
43,54.403835
37,40.880116
37,40.880116
29,40.24394
1,1.1966112
31,41.85861
83,73.59319
1,0.8037839
31,26.534061
6,14.329781
74,73.59319
9,14.329781
20,18.503447
41,25.88907
