target,prediction
55,64.02683
62,59.76956
28,27.617134
101,106.52394
91,105.20351
38,31.160315
57,58.28025
1,0.7445803
1,0.7445803
99,105.44538
79,83.75405
70,57.814137
93,103.53604
34,33.406593
29,29.334293
1,0.70216596
63,55.935886
21,27.32079
1,0.7434706
89,59.90635
1,0.73449737
21,29.441957
14,28.328558
1,0.7434706
86,98.31576
44,29.768803
39,32.391182
98,94.47377
52,59.186512
85,90.99661
1,0.73449737
7,26.904776
1,0.7445804
1,0.7130826
4,28.328558
