target,prediction
22,29.992878
1,0.9720217
52,43.969276
94,83.81846
93,83.81846
86,83.81846
25,18.889284
22,22.062319
16,19.967863
29,19.328943
66,63.475517
50,39.649544
1,0.786402
37,31.717146
94,83.81846
93,83.81846
1,0.98563874
36,41.09147
35,39.720165
8,18.140583
45,48.33092
72,60.039326
1,1.4512401
82,83.81846
32,26.327816
1,0.8974491
24,29.979431
14,18.140583
1,0.786402
45,40.862244
1,0.98563874
26,34.284405
65,70.1118
87,83.81846
