target,prediction
64,42.902515
18,26.567263
1,1.8002468
1,1.896112
69,42.44303
23,26.583624
41,31.97725
1,1.8000015
72,66.92217
1,1.8002468
24,31.667322
39,2.33153
23,26.583624
48,67.78898
1,1.8002468
26,31.689035
42,46.63557
23,30.02692
1,1.6886019
63,47.803917
1,1.6886019
1,1.8170152
38,46.63557
13,29.989489
1,1.8153164
10,26.567263
4,31.97725
1,1.7221526
1,1.8002468
1,1.6886019
1,1.8961117
62,42.90054
