target,prediction
78,93.19994
1,1.5412325
23,28.058014
120,85.7123
1,1.5235243
1,1.5401254
30,30.066795
63,81.598946
90,81.59996
31,29.537472
52,21.979229
71,67.59734
30,30.631723
1,1.5422946
1,1.5945663
125,78.66303
24,29.022345
69,64.41107
29,79.62893
1,1.5235243
44,32.592182
1,1.5235243
88,84.064575
88,87.81979
74,81.598946
13,28.058014
30,29.710682
80,70.26692
68,83.69421
33,37.42246
1,1.5635384
16,81.234795
