target,prediction
137,107.324974
74,94.4517
61,60.33165
46,41.020687
1,3.5314686
32,24.75974
32,24.75974
82,60.33165
105,127.60924
1,1.7271158
63,56.439175
56,60.33165
110,127.60924
82,94.4517
1,3.632921
58,60.33165
80,94.4517
108,127.60924
1,1.2221421
121,155.23431
77,122.236046
22,34.535545
38,56.439175
1,3.743286
77,94.4517
34,60.33165
118,127.60924
57,60.33165
74,115.01821
1,1.7240275
144,147.22548
75,93.47557
126,127.609245
63,96.960915
