Active Drones,Total Damage,Alive Drone Rate,Damage Rate,Charger Capacity,Train,Average Run
6.0,292.2,0.5,0.311846318036286,1.0,1.0,3.0
9.0,267.8,0.75,0.2858057630736393,1.0,2.0,3.0
10.4,387.8,0.8666666666666666,0.4138740661686233,1.0,3.0,3.0
10.0,296.6,0.8333333333333334,0.3165421558164354,1.0,4.0,3.0
